,unique_id,cutoff,metric,WindowAverage,Naive,RWD,HistoricAverage,AutoETS,AutoARIMA
0,AA,2099-01-01,rmse,0.1384679161972051,0.1776869283132227,0.17810738385022423,0.13441397798929125,0.13442078413747016,0.13532857251617247
1,AAPL,2099-01-01,rmse,0.05692148468871365,0.065076519139365,0.06526926413875492,0.05853654269710145,0.058542257364676574,0.057475354681406556
2,AIG,2099-01-01,rmse,0.05654049233981312,0.10161815677859493,0.10189037657529779,0.05737210357470319,0.05736729940181994,0.05980775247810079
3,AMGN,2099-01-01,rmse,0.06995628311827262,0.09740553361280557,0.09762155774824972,0.06867370765011412,0.06885574573295747,0.07125661562425507
4,AMZN,2099-01-01,rmse,0.07275379561149674,0.09329019535922257,0.09353509297626576,0.06836237254375103,0.06835231744263962,0.06836237274409414
5,AXP,2099-01-01,rmse,0.07031523012838112,0.0905255791015975,0.09074674627318624,0.06937496157045007,0.0693781534352853,0.07049488039172933
6,BA,2099-01-01,rmse,0.08388210712199963,0.11222938798798215,0.11250190679651914,0.08336981500109875,0.0833572673435613,0.08336981485962079
7,BAC,2099-01-01,rmse,0.06610900904269837,0.09835941077618683,0.09862877274847336,0.06533524074288041,0.06533633795250422,0.06766625397113742
8,C,2099-01-01,rmse,0.07584165221335275,0.0970345449601781,0.09726535774916403,0.0768013434293386,0.07680044126695705,0.07806790345601472
9,CAT,2099-01-01,rmse,0.09610356690579198,0.12875495357614847,0.12904884882852974,0.09676171144905175,0.09677597159662298,0.10033090233166062
10,CRM,2099-01-01,rmse,0.09538026102164283,0.1396987767343438,0.14007061659982856,0.09311935421060438,0.09312822863997308,0.09311935382226581
11,CSCO,2099-01-01,rmse,0.05093304851328131,0.0766549916485374,0.07682907282659274,0.050650434290608,0.05064866115136135,0.05110190661303296
12,CVX,2099-01-01,rmse,0.05750655196569857,0.08492513968766335,0.08512216053524366,0.05687616517752461,0.05686725455848859,0.05687616538025966
13,DD,2099-01-01,rmse,0.06958157814013344,0.09260646711910497,0.0928281328886752,0.07003535541963045,0.07034200888732411,0.0700353553894615
14,DIS,2099-01-01,rmse,0.06966747251372188,0.0918296011682103,0.09206937089220436,0.07058507523488862,0.07083790289610555,0.07081370360156157
15,GE,2099-01-01,rmse,0.0656511095763267,0.0864136502721544,0.08662030166070316,0.07001582069925168,0.07192067346413526,0.07210658525114942
16,GS,2099-01-01,rmse,0.07570150464612667,0.10858054908009568,0.10882942007047589,0.0756023549389808,0.0755999269017715,0.07740203089252293
17,HD,2099-01-01,rmse,0.06532486595720698,0.09104811000547414,0.09124974906621057,0.06477259945207389,0.06477155811744252,0.06442327105930476
18,HON,2099-01-01,rmse,0.048921975419924706,0.07529576908620954,0.07548924583520175,0.04788939731964633,0.04789897521062078,0.04788939737456285
19,HPQ,2099-01-01,rmse,0.06547950262897961,0.08104035591330334,0.08122459384531172,0.06764723882818185,0.06764047119134284,0.06726055214718013
20,IBM,2099-01-01,rmse,0.062442922025018506,0.08787599878773611,0.08808029767720797,0.06254288212574861,0.0625451816518708,0.06377666117598572
21,INTC,2099-01-01,rmse,0.09246290278670931,0.14348749531806435,0.14382287905013869,0.09231445344199345,0.09231855373710696,0.09438993954905217
22,IP,2099-01-01,rmse,0.07539090738638611,0.10865183539005736,0.10891761074127945,0.07451511125914766,0.07451327451091866,0.07535851663535258
23,JNJ,2099-01-01,rmse,0.051085941638940674,0.06355220006308551,0.06369722129324704,0.049946216528553834,0.049949895849304586,0.051701997526502404
24,JPM,2099-01-01,rmse,0.060041626738590204,0.08712589665924865,0.08734367467759749,0.05815551702416115,0.05814777017275347,0.0580963598711184
25,KO,2099-01-01,rmse,0.04678253943808109,0.06280410556293102,0.06294240812640532,0.046008497607346314,0.04601247135403186,0.04651470057168452
26,MCD,2099-01-01,rmse,0.04366694692764457,0.05564626178143254,0.05577830760781849,0.043101150952696794,0.04310051377715863,0.04310115107282403
27,MMM,2099-01-01,rmse,0.06728491245309312,0.09411429036562413,0.09433269978436372,0.06577238972679415,0.06577853681244136,0.06622228273615006
28,MO,2099-01-01,rmse,0.06073980183088361,0.08944005274158705,0.08964693774636118,0.05961576244699973,0.059611775397532075,0.05956981603889234
29,MRK,2099-01-01,rmse,0.05745370814197416,0.0753569237433036,0.07553080762759849,0.05651066053147207,0.05650913997700389,0.06046745751506999
30,MSFT,2099-01-01,rmse,0.061643240019941044,0.07517459908908038,0.07538002292399439,0.06089603010856714,0.06089714145396842,0.06154423078370639
31,NKE,2099-01-01,rmse,0.06835056564962672,0.08998688853093666,0.09017914043034105,0.06874235447003332,0.06874294935099776,0.069500239233413
32,NVDA,2099-01-01,rmse,0.11292328010830192,0.13564511958302364,0.13596898480895442,0.11331379003436688,0.11327827137768413,0.11367016550112685
33,PFE,2099-01-01,rmse,0.050434432097145106,0.07343433663976028,0.07360119730885802,0.04977923090633174,0.05224021444072271,0.0502941694987697
34,PG,2099-01-01,rmse,0.05067782231774825,0.08117618228114896,0.0813552299129518,0.05019309907983269,0.050190951514760634,0.051125808334045196
35,SHW,2099-01-01,rmse,0.07960382927070049,0.12009382873053863,0.1203852863594462,0.07886513826308925,0.07886402430590556,0.0798639608936874
36,T,2099-01-01,rmse,0.057513053370258416,0.0817851303796566,0.08198828025605225,0.0558537134581346,0.056668407442019494,0.05640289360927114
37,TRV,2099-01-01,rmse,0.051493363511146986,0.07796976028123993,0.07814963983910213,0.05104396211446416,0.051045328732582315,0.05100538861233992
38,UNH,2099-01-01,rmse,0.059702031375806604,0.0855881655148949,0.08579666308752139,0.05901874015143748,0.059027695101727784,0.059018740000361475
39,VZ,2099-01-01,rmse,0.06637648460735554,0.10055940544572788,0.10078923061593231,0.06461009131469206,0.06461025309664535,0.06663559697475605
40,WMT,2099-01-01,rmse,0.0529601573945947,0.08259005542602997,0.0827785804991765,0.05408496105984912,0.054236917859513435,0.0540792213031388
41,XOM,2099-01-01,rmse,0.049642332418802275,0.06793465605467827,0.06810584845776138,0.04891784118528954,0.04891278162119766,0.049298943806243126
42,AA,2099-01-01,mae,0.11675623424098995,0.1410747629661728,0.1413369894462373,0.11374515856594947,0.11375533887264028,0.11492855055875831
43,AAPL,2099-01-01,mae,0.04599914584372021,0.05524814162815577,0.055504880673803575,0.04775456827018816,0.04775552433291701,0.046440524826709684
44,AIG,2099-01-01,mae,0.04614383112248475,0.08483409452085772,0.08504910122944737,0.048249864839366996,0.0482474898944416,0.050107796161714166
45,AMGN,2099-01-01,mae,0.05914872337798586,0.08098953788658242,0.08117278678893051,0.05772027705579086,0.05781710347578158,0.060219929613681486
46,AMZN,2099-01-01,mae,0.06031938451766732,0.07848412068575167,0.07875713859679438,0.05507883051332782,0.05506651504474104,0.05507883057491581
47,AXP,2099-01-01,mae,0.058794967166335796,0.07467976567224516,0.07489195854367453,0.05778867812420133,0.05779181155513689,0.05967476688651019
48,BA,2099-01-01,mae,0.067291425063562,0.08915957398398236,0.08938073029140906,0.06744985780971863,0.06744180422011888,0.06744985771790551
49,BAC,2099-01-01,mae,0.05190673121772734,0.08023864149144583,0.0804591862456047,0.051619971713103036,0.05161561879969579,0.05331643062878238
50,C,2099-01-01,mae,0.05924334283261734,0.07918829418909587,0.07940998420892417,0.05837523867228849,0.05837436009600391,0.05907044849004276
51,CAT,2099-01-01,mae,0.08250098636089763,0.10201964068765619,0.10222367798380196,0.08180474877037314,0.0818146191643259,0.08396148276367194
52,CRM,2099-01-01,mae,0.07452102848300184,0.11264078196993636,0.11291149826529383,0.07426655093655125,0.07426289436953325,0.07426655055050435
53,CSCO,2099-01-01,mae,0.04171990364935072,0.058225804923529974,0.05834923142716059,0.04116865846335545,0.04116690194645124,0.04136542721878129
54,CVX,2099-01-01,mae,0.04351885996304834,0.06749445253674685,0.06765046110349507,0.043029050503458455,0.04302289462438041,0.04302905082279712
55,DD,2099-01-01,mae,0.05723640668583977,0.07149056240884873,0.07162923556555481,0.05669706339014283,0.05697647847365366,0.05669706331034527
56,DIS,2099-01-01,mae,0.05372197064734185,0.07414399603983321,0.07442949356910718,0.05630634513013739,0.05530775039396023,0.054679634973106114
57,GE,2099-01-01,mae,0.05108013419986889,0.07335247771975599,0.07353962443400451,0.055457237073112016,0.055760862642311726,0.05725366406076368
58,GS,2099-01-01,mae,0.06063853065292419,0.09258316064733585,0.09274625274899223,0.06054615820268521,0.06054512990391229,0.06119581025057914
59,HD,2099-01-01,mae,0.054232247986813926,0.07774425850912714,0.0779111730378226,0.05413168912814422,0.054131000270022316,0.054510267826870816
60,HON,2099-01-01,mae,0.03904018710201641,0.06161202064207359,0.06181227371089366,0.04070902899167509,0.040714024730112534,0.04070902903466514
61,HPQ,2099-01-01,mae,0.0500682773613812,0.06464424108558907,0.06480741054296929,0.053464995998050484,0.05345785415194601,0.05325457748253032
62,IBM,2099-01-01,mae,0.05225610283323725,0.07314690728979294,0.07327833733733638,0.05172272474790676,0.05172703066148027,0.052805895938050414
63,INTC,2099-01-01,mae,0.07429818866600617,0.1130489510210993,0.11329217219022993,0.07354354241469709,0.07353947947131088,0.0748146212145572
64,IP,2099-01-01,mae,0.06057381346754357,0.09023134559128264,0.09042354913481152,0.05910558116092392,0.05909115153778918,0.0597572850374859
65,JNJ,2099-01-01,mae,0.04206316520794826,0.050702327691746096,0.050840779412690745,0.041127586992141266,0.04113189170260162,0.04234755591698676
66,JPM,2099-01-01,mae,0.051775814980769885,0.07207399778014957,0.07224630633697085,0.04984156260633677,0.049835297481236975,0.05070810197330234
67,KO,2099-01-01,mae,0.03579484959980428,0.04707431094062112,0.04714943662717635,0.03498059846368682,0.03498535485350182,0.035567092176468834
68,MCD,2099-01-01,mae,0.03823726200515204,0.04783283141699147,0.04794032290327878,0.03832438619074499,0.03832611530564846,0.038324386356858156
69,MMM,2099-01-01,mae,0.05723718541786021,0.07530677018462578,0.07545985552592847,0.05576815730417782,0.05577303451826513,0.05590825213206815
70,MO,2099-01-01,mae,0.05024011942227044,0.073489082027678,0.07363491146578716,0.049884095739553394,0.04988120659696623,0.04851074519921335
71,MRK,2099-01-01,mae,0.04652050157915644,0.06352951637205387,0.06365771399613052,0.04661567190322599,0.04661781296381046,0.049690217730522804
72,MSFT,2099-01-01,mae,0.051522947420705865,0.06149813243343746,0.06168949103959612,0.05133446402736147,0.0513371233562508,0.05190802117867792
73,NKE,2099-01-01,mae,0.0554995819178621,0.07345196488315477,0.07363598811492544,0.05489493413486132,0.05489532647863059,0.055325362750620916
74,NVDA,2099-01-01,mae,0.09151852816590311,0.11414915388504306,0.11443991354470102,0.090413129383716,0.09218556721921074,0.09187183464766122
75,PFE,2099-01-01,mae,0.039691131784700524,0.05836399519008977,0.05847344640155015,0.04228056984087765,0.04379709434670663,0.04140185941476038
76,PG,2099-01-01,mae,0.04247973787082118,0.06471876222347747,0.06486946625272465,0.04234635133220463,0.04234271744851711,0.04385799227282658
77,SHW,2099-01-01,mae,0.06371604374130814,0.09757685304216962,0.09796460643221991,0.06352310630331695,0.06352203445027836,0.06503873909812076
78,T,2099-01-01,mae,0.04851449984460662,0.07107909040581815,0.07122559005798038,0.04480314804667038,0.0458029942675843,0.046277044408220405
79,TRV,2099-01-01,mae,0.04345038105687096,0.06447098820135551,0.06464827750800994,0.04276577133813736,0.04276459262269981,0.04187821086884172
80,UNH,2099-01-01,mae,0.04877681263451699,0.06546554733440228,0.06563351866926362,0.04781869056157624,0.04783044587255615,0.047818690430438425
81,VZ,2099-01-01,mae,0.054620184058669044,0.08948662738744408,0.08966985148917755,0.05422024381153237,0.05422147288089815,0.05564949871472989
82,WMT,2099-01-01,mae,0.04169886370768258,0.06775020504007184,0.06791673543937202,0.04112489601981215,0.04129362842383908,0.04114696661143361
83,XOM,2099-01-01,mae,0.03765002065691965,0.05208181526722825,0.05220588367651499,0.03638244373720249,0.03637691770216481,0.03676900056542151
84,AA,2099-01-01,scaled_crps,1.6100115986326151,2.256687992035674,2.264008322624063,1.6315573441671476,1.631477717853722,1.6543605507036303
85,AAPL,2099-01-01,scaled_crps,1.0043650559616843,1.2769214065843035,1.2791250619996,0.9599713878882093,0.9600029371305802,0.96511765088048
86,AIG,2099-01-01,scaled_crps,1.0535940659131666,1.6587559110910433,1.663937565895365,1.015488781891352,1.0155108608825094,1.0359768011422261
87,AMGN,2099-01-01,scaled_crps,0.9909430943652657,1.4332873563179793,1.4367195661036731,0.980793081395627,0.9841013071436697,0.9836697464145745
88,AMZN,2099-01-01,scaled_crps,0.7497390109649108,0.9161305793220886,0.9187967347947634,0.7285501149868175,0.7284729263154114,0.7682854849286517
89,AXP,2099-01-01,scaled_crps,0.8120268724391344,1.0034295209317818,1.0056000589293816,0.7945713642912209,0.7946683092694432,0.7940034898911988
90,BA,2099-01-01,scaled_crps,15.717843365122661,21.03618457409472,21.09270599081417,15.740579448021906,15.740405541673416,15.740579383229816
91,BAC,2099-01-01,scaled_crps,0.8803744825359683,1.3124755275689968,1.3160254358601544,0.860045864483555,0.8602213815893324,0.885345061032897
92,C,2099-01-01,scaled_crps,0.6494958416252764,0.8632118224665808,0.8651575618757833,0.6606338080246413,0.6607168416154395,0.6717090156734846
93,CAT,2099-01-01,scaled_crps,0.6013734258644379,0.8288998854381807,0.8313171806799217,0.6175627992992268,0.6176609363649311,0.6643583617920349
94,CRM,2099-01-01,scaled_crps,4.845195646689072,7.031869845671916,7.049641459705158,4.761395119439355,4.761955583089798,4.8042330190305425
95,CSCO,2099-01-01,scaled_crps,0.8589305073812652,1.3339020994156539,1.3363630923625864,0.8611919712296945,0.8612217520468993,0.8700148399593456
96,CVX,2099-01-01,scaled_crps,1.0199863279208998,1.3178030831898975,1.3208866770686007,0.9951849472437414,0.9950288136085561,0.9943975613781382
97,DD,2099-01-01,scaled_crps,0.747142306821404,1.0721685444922984,1.0752392144672434,0.7596956412281844,0.7565926073856868,0.7596956419577311
98,DIS,2099-01-01,scaled_crps,-1.748567552021513,-2.2720319978482255,-2.2760281391452826,-1.678846159640958,-1.727801275052554,-1.7393583111281659
99,GE,2099-01-01,scaled_crps,0.4563253778578057,0.5576979193543653,0.5587639281707207,0.48835160390645765,0.5030752601179551,0.5036362424036223
100,GS,2099-01-01,scaled_crps,0.5842934163347481,0.7984393736094378,0.8005304940847987,0.5850977991590312,0.5850920002910596,0.5995906143472258
101,HD,2099-01-01,scaled_crps,1.4444704670687358,2.0695045920372346,2.074721786438797,1.4360468895401688,1.4359309493711405,1.4203534671756917
102,HON,2099-01-01,scaled_crps,1.974951054792882,2.8451883271796423,2.8496091514798647,1.872512789884485,1.8723222752895754,1.8844411028187231
103,HPQ,2099-01-01,scaled_crps,-1.3323405230752656,-1.7186025249157824,-1.7230250724946763,-1.2988255673816083,-1.2987297378552252,-1.2882237721534158
104,IBM,2099-01-01,scaled_crps,0.6370931691290709,0.9004640620807174,0.9029160254852769,0.6440508778189296,0.6440864390110546,0.6552106081858041
105,INTC,2099-01-01,scaled_crps,-2.3166052253618243,-3.8297157268125495,-3.8388427270929157,-2.2803407502027695,-2.280596378488317,-2.3821258710195234
106,IP,2099-01-01,scaled_crps,8.781065381421673,12.221046738026226,12.260498913430032,8.740477544871192,8.741417148188159,8.791799844785452
107,JNJ,2099-01-01,scaled_crps,0.6967178923747632,0.9101923674077727,0.9125595673581156,0.6828753698732888,0.682886044949538,0.7247644341739945
108,JPM,2099-01-01,scaled_crps,0.5160970277975491,0.7962916390060385,0.7984383460597438,0.5115713988118642,0.5115352363361262,0.512751719672625
109,KO,2099-01-01,scaled_crps,1.2223797199517006,1.6721364265545482,1.675981591501197,1.2032320875151308,1.2033629835896404,1.2259527455164747
110,MCD,2099-01-01,scaled_crps,1.3202984969855966,1.7034444852148705,1.7080120203544773,1.2754497839456471,1.2753358965983863,1.2754497904756443
111,MMM,2099-01-01,scaled_crps,7.39576304114816,11.942888240294097,11.970014994895502,7.451120941806041,7.4529959877834475,7.524643951353076
112,MO,2099-01-01,scaled_crps,0.7424138548856861,1.023483749850573,1.026467558808867,0.7179028604198116,0.7179046049142778,0.7069345588527243
113,MRK,2099-01-01,scaled_crps,14.592861212649037,18.678302684557185,18.729428952532455,14.432917553053528,14.432433784837125,15.86301405062368
114,MSFT,2099-01-01,scaled_crps,1.289846491046062,1.446383150749306,1.449576711354805,1.2266976201717104,1.2493684073912759,1.2521458062277901
115,NKE,2099-01-01,scaled_crps,9.081739853167482,11.568007852424644,11.590295596946303,9.170826019215916,9.170020407682962,9.181836004408597
116,NVDA,2099-01-01,scaled_crps,0.4951359218152907,0.669362304793685,0.6709905103339249,0.5139119718961808,0.48814728064828966,0.4912766703173969
117,PFE,2099-01-01,scaled_crps,-2.4851459782149568,-3.5942949730519325,-3.603205383841134,-2.2880285294220224,-2.434283827905735,-2.392865247400971
118,PG,2099-01-01,scaled_crps,2.7065028417138914,4.54809244730125,4.557727019446999,2.6616792756150316,2.6617026539053095,2.6695538960193614
119,SHW,2099-01-01,scaled_crps,1.412398784153846,1.9531754254187597,1.9524222520473373,1.4003029189116765,1.4001306486508796,1.4112266895170111
120,T,2099-01-01,scaled_crps,1.0218685446117133,1.3712594406167213,1.3764264184080457,1.0358490014488497,1.0544439854335366,1.0341779872907955
121,TRV,2099-01-01,scaled_crps,0.6069670679017956,0.910856381461362,0.9126304965999692,0.6036121314114533,0.6036866698671146,0.6137883912137624
122,UNH,2099-01-01,scaled_crps,2.9734933188448216,4.28111533272872,4.289995755479385,2.9602922998836623,2.9602675817086745,2.960292317442956
123,VZ,2099-01-01,scaled_crps,1.0469654557885095,1.4114364244405044,1.4145404999319415,0.9816974030547412,0.981721439371123,1.0072822079060695
124,WMT,2099-01-01,scaled_crps,0.47416959588782803,0.6604738738843487,0.6617726095410871,0.495903986946681,0.4959924861194619,0.49589352231512474
125,XOM,2099-01-01,scaled_crps,1.1870006678911138,1.691998961195436,1.6983104481214049,1.165169242835145,1.165187356988583,1.1609920976840251
126,AA,2099-01-01,mase,0.8863453004915097,1.0709574009978,1.0729480716440445,0.863486968417457,0.863564251374137,0.8724705909048047
127,AAPL,2099-01-01,mase,0.5254312535272612,0.6310791163244304,0.6340117516181907,0.5454827955524668,0.5454937163039038,0.530472962629875
128,AIG,2099-01-01,mase,0.5286385013456377,0.9718865447361561,0.9743497304197719,0.5527658978099836,0.5527386896806282,0.5740509538176141
129,AMGN,2099-01-01,mase,0.77290410734207,1.0583008881570102,1.0606954255401024,0.7542384123534086,0.7555036558521029,0.7869016993794957
130,AMZN,2099-01-01,mase,0.644181017667652,0.8381713629602784,0.8410870584234089,0.5882145080845025,0.5880829850069592,0.5882145087422317
131,AXP,2099-01-01,mase,0.9331437491152714,1.1852537705361526,1.1886215154490967,0.917172784681965,0.9172225158346762,0.9471071825335006
132,BA,2099-01-01,mase,0.7737619203333593,1.0252165579312014,1.0277595614263224,0.7755836862685292,0.7754910806958519,0.7755836852128005
133,BAC,2099-01-01,mase,0.5523936674999659,0.8539030759374281,0.8562501227026479,0.5493419605106459,0.5492956366188321,0.5673957493008575
134,C,2099-01-01,mase,0.5772699221676902,0.7716144673383204,0.7737746253303028,0.5688110743527999,0.5688025134641133,0.5755852315525227
135,CAT,2099-01-01,mase,0.9121737646469901,1.127982146866784,1.1302380892107886,0.9044758001492167,0.9045849323524495,0.9283217716071038
136,CRM,2099-01-01,mase,0.695554387115372,1.0513514327726485,1.053878208244386,0.6931791787015961,0.6931450495264769,0.6931791750983632
137,CSCO,2099-01-01,mase,0.5368397897648147,0.7492330072656197,0.7508212242187885,0.5297465243477654,0.5297239219905429,0.5322784884237834
138,CVX,2099-01-01,mase,0.6431785447083007,0.9975211619819172,0.9998268603161187,0.6359395008622332,0.6358485212421287,0.635939505581837
139,DD,2099-01-01,mase,0.8371648777791943,1.0456524335965414,1.0476807282259075,0.8292762053350721,0.8333630533358722,0.8292762041679178
140,DIS,2099-01-01,mase,0.7754432583980966,1.0702225027671923,1.074343482167187,0.8127470978833488,0.798333003487526,0.7892665477576242
141,GE,2099-01-01,mase,0.6597166407847723,0.9473712423144237,0.9497883033420014,0.7162483560814941,0.7201697796193616,0.7394497982130166
142,GS,2099-01-01,mase,0.6515552442150794,0.9947972550827279,0.9965496642024754,0.6505627110232928,0.6505516620507846,0.657543160486079
143,HD,2099-01-01,mase,0.7647412804320994,1.0962894957437461,1.0986431955282052,0.7633232770633924,0.7633135633181257,0.7686617015166602
144,HON,2099-01-01,mase,0.6746941745463247,1.064781562153116,1.0682423442086646,0.7035351710878971,0.7036215076521275,0.7035351718308529
145,HPQ,2099-01-01,mase,0.5503872383086517,0.7106169255006008,0.7124106038885274,0.5877264616307213,0.5876479532185885,0.5854133869305425
146,IBM,2099-01-01,mase,0.7854517569588956,1.0994575510199427,1.1014330516057713,0.7774346502185947,0.7774993716041986,0.7937155948022474
147,INTC,2099-01-01,mase,0.888065281996612,1.3512422088683789,1.3541493628653962,0.879045208317708,0.8789966451019852,0.894238054510931
148,IP,2099-01-01,mase,0.7581712867295047,1.12937937161465,1.1317850845716084,0.7397941776553978,0.7396135694798048,0.7479512200863544
149,JNJ,2099-01-01,mase,0.8587850920309644,1.0351670621475844,1.0379937698697799,0.8396838042369551,0.8397716916118254,0.8645913717064707
150,JPM,2099-01-01,mase,0.6551869955820435,0.9120464078199798,0.9142268529891914,0.6307103745501398,0.6306310937412795,0.6416758286836306
151,KO,2099-01-01,mase,0.7181577890364812,0.9444594248474548,0.9459666835050425,0.7018213383411344,0.701916766550263,0.7135882554469303
152,MCD,2099-01-01,mase,0.8164326317514923,1.021314874287755,1.023610006115672,0.8182928859748013,0.8183298056117526,0.8182928895216088
153,MMM,2099-01-01,mase,0.879473518086346,1.157120316564804,1.1594725374628099,0.8569012809318466,0.8569762213853387,0.8590538971069942
154,MO,2099-01-01,mase,0.746126756702011,1.0914020718273496,1.093567815996338,0.7408393728591887,0.740796465584823,0.7204434503123834
155,MRK,2099-01-01,mase,0.7673967875872957,1.0479755188781583,1.0500902519862128,0.7689667061927593,0.7690020248793336,0.8196840568460599
156,MSFT,2099-01-01,mase,0.7472711101177907,0.8919477629736137,0.8947231623871439,0.7445374118021033,0.7445759817937435,0.752856087472587
157,NKE,2099-01-01,mase,0.741431514169734,0.9812614736928708,0.9837198818224323,0.7333538871715141,0.7333591285809963,0.7391040807639078
158,NVDA,2099-01-01,mase,0.7019388367292699,0.8755136899322409,0.8777437902338774,0.6934605280103645,0.7070549659603146,0.7046486655014791
159,PFE,2099-01-01,mase,0.659345630822923,0.9695376144650327,0.9713558084751238,0.7023611507100406,0.7275535239680806,0.6877640894984401
160,PG,2099-01-01,mase,0.8034934447265856,1.2241389378511598,1.2269894662598382,0.8009704722515885,0.8009017382652653,0.8295627764287844
161,SHW,2099-01-01,mase,0.8915010995562895,1.365274217770363,1.3706995793165067,0.8888015606644358,0.888786563528607,0.9100079668339257
162,T,2099-01-01,mase,0.8324117238628996,1.2195749387261097,1.222088579563226,0.7687323546459205,0.7858877147756671,0.7940214664587367
163,TRV,2099-01-01,mase,0.7383599645332115,1.0955668374799294,1.0985795458380483,0.726726271218034,0.7267062410993678,0.711643800116746
164,UNH,2099-01-01,mase,0.7180135206039543,0.9636781409241925,0.9661507438473894,0.7039095936435091,0.70408263636128,0.7039095917131099
165,VZ,2099-01-01,mase,0.8440960665707655,1.3829193637884984,1.3857508947736021,0.8379154211685311,0.8379344151106989,0.8600030150261452
166,WMT,2099-01-01,mase,0.7387707593707507,1.2003173701770775,1.2032677572766337,0.7286018840844875,0.7315912836788572,0.7289929045172323
167,XOM,2099-01-01,mase,0.6533041310800526,0.9037250039854867,0.9058778422285825,0.6313091036228564,0.6312132157201245,0.638016647692325
168,AA,2099-01-01,rmae_Naive,0.827619567002115,1.0,1.0018587766837317,0.8062757375904542,0.8063479000841332,0.8146641407883571
169,AAPL,2099-01-01,rmae_Naive,0.8325917304751106,1.0,1.0046470168603276,0.8643651508062905,0.8643824556911368,0.8405807590647082
170,AIG,2099-01-01,rmae_Naive,0.5439302603876983,1.0,1.0025344374782805,0.5687555824327688,0.5687275872624449,0.5906563445360334
171,AMGN,2099-01-01,rmae_Naive,0.730325483037298,1.0,1.0022626243726038,0.7126880651748158,0.7138836074944462,0.7435519597360013
172,AMZN,2099-01-01,rmae_Naive,0.76855526940519,1.0,1.0034786388463963,0.7017831127122134,0.7016261960202868,0.7017831134969326
173,AXP,2099-01-01,rmae_Naive,0.7872944784585342,1.0,1.002841370343349,0.773819756985105,0.7738617152171288,0.7990754436537875
174,BA,2099-01-01,rmae_Naive,0.7547302219686581,1.0,1.0024804549589528,0.7565071791598745,0.756416851343804,0.7565071781301128
175,BAC,2099-01-01,rmae_Naive,0.6469044122994165,1.0,1.0027486102713041,0.643330579302071,0.643276329712019,0.6644732467768213
176,C,2099-01-01,rmae_Naive,0.7481325799385015,1.0,1.002799530184334,0.7371700485540537,0.7371589537793326,0.7459492478646761
177,CAT,2099-01-01,rmae_Naive,0.8086774841080163,1.0,1.0019999805407123,0.8018529394827701,0.8019496894211765,0.8229933196954575
178,CRM,2099-01-01,rmae_Naive,0.6615812424215182,1.0,1.0024033595170683,0.6593220469329916,0.6592895847380915,0.6593220435057524
179,CSCO,2099-01-01,rmae_Naive,0.7165191396519629,1.0,1.0021197904226953,0.7070517705581523,0.7070216032310279,0.7104311786347648
180,CVX,2099-01-01,rmae_Naive,0.6447768420575725,1.0,1.0023114279897785,0.6375198092025653,0.6374286034982937,0.6375198139338973
181,DD,2099-01-01,rmae_Naive,0.8006148610009445,1.0,1.0019397407438624,0.7930706023250582,0.7969790214799235,0.7930706012088612
182,DIS,2099-01-01,rmae_Naive,0.7245626553292351,1.0,1.003850581901744,0.7594188085018684,0.745950492933327,0.7374789314529252
183,GE,2099-01-01,rmae_Naive,0.6963654914973854,1.0,1.0025513345979058,0.7560376799402339,0.7601769480145819,0.7805280181468713
184,GS,2099-01-01,rmae_Naive,0.654962848847925,1.0,1.0017615741406543,0.6539651247521703,0.6539540179940327,0.6609820816518008
185,HD,2099-01-01,rmae_Naive,0.6975723870393218,1.0,1.0021469692025666,0.6962789299969873,0.6962700694311382,0.7011484689955765
186,HON,2099-01-01,rmae_Naive,0.6336456213441678,1.0,1.0032502272565187,0.6607319248327935,0.6608130086600301,0.6607319255305477
187,HPQ,2099-01-01,rmae_Naive,0.7745203056075904,1.0,1.0025241143625492,0.8270651043340853,0.8269546251021453,0.8238100809633015
188,IBM,2099-01-01,rmae_Naive,0.7143993474147767,1.0,1.0017967956871061,0.7071074726781272,0.7071663393306358,0.7219156338195457
189,INTC,2099-01-01,rmae_Naive,0.6572213894504803,1.0,1.0021514677220245,0.6505459957870022,0.6505100561046832,0.6617896100654124
190,IP,2099-01-01,rmae_Naive,0.6713167477510795,1.0,1.0021301194420782,0.6550448823921139,0.654884964316636,0.6622674708650153
191,JNJ,2099-01-01,rmae_Naive,0.8296101406562402,1.0,1.002730677806084,0.811157768577881,0.8112426702117177,0.8352191673417112
192,JPM,2099-01-01,rmae_Naive,0.7183702385804086,1.0,1.0023907173478412,0.6915332039492335,0.6914462776610746,0.7035561164232829
193,KO,2099-01-01,rmae_Naive,0.7603903038528892,1.0,1.0015958956181004,0.7430931598300156,0.7431941998605537,0.7555520509122836
194,MCD,2099-01-01,rmae_Naive,0.7993936564576682,1.0,1.0022472323528213,0.8012150871154822,0.8012512362384223,0.8012150905882677
195,MMM,2099-01-01,rmae_Naive,0.7600536482647537,1.0,1.0020328230905053,0.7405463966580145,0.7406111612744674,0.7424067184796364
196,MO,2099-01-01,rmae_Naive,0.6836405903580159,1.0,1.0019843687536365,0.6787960110968004,0.678756697194552,0.6601081937714622
197,MRK,2099-01-01,rmae_Naive,0.7322659487397016,1.0,1.0020179222414645,0.7337639976704098,0.7337976994944867,0.7821595467454422
198,MSFT,2099-01-01,rmae_Naive,0.8377969441018678,1.0,1.0031116165416207,0.8347320804078622,0.8347753228411541,0.8440584961642632
199,NKE,2099-01-01,rmae_Naive,0.7555901602652728,1.0,1.0025053547861302,0.7473582799614221,0.7473636214627677,0.7532182813438808
200,NVDA,2099-01-01,rmae_Naive,0.8017451295177298,1.0,1.0025471906690677,0.7920613189544002,0.8075887037414984,0.8048402596149175
201,PFE,2099-01-01,rmae_Naive,0.6800619398214208,1.0,1.001875320753898,0.7244289857671858,0.750412890756721,0.7093732922140743
202,PG,2099-01-01,rmae_Naive,0.6563743868298392,1.0,1.0023285987566757,0.6543133687566571,0.6542572199126021,0.6776704430993674
203,SHW,2099-01-01,rmae_Naive,0.652983179461343,1.0,1.0039738255330157,0.6510058925128922,0.6509949078069381,0.6665386008094879
204,T,2099-01-01,rmae_Naive,0.6825424969230541,1.0,1.002061079444402,0.6303281005830518,0.6443947721626319,0.6510641054071847
205,TRV,2099-01-01,rmae_Naive,0.6739524593785801,1.0,1.0027499083169118,0.6633335788893369,0.6633152960078357,0.6495667592072247
206,UNH,2099-01-01,rmae_Naive,0.7450760685672091,1.0,1.0025657974568414,0.7304405524529606,0.730620117299793,0.7304405504498028
207,VZ,2099-01-01,rmae_Naive,0.6103725847459174,1.0,1.0020475025943283,0.6059033108575957,0.6059170455283691,0.6218750257933858
208,WMT,2099-01-01,rmae_Naive,0.6154795204386346,1.0,1.0024580058348411,0.6070076982864957,0.6094982059377586,0.6073334624905805
209,XOM,2099-01-01,rmae_Naive,0.722901466927371,1.0,1.0023821828914787,0.6985632806868701,0.6984571777215774,0.7059853881198701
